,0,1,2,3,4,5,6,7
0,0.47766220081666844,-0.4445852136810633,-1.138815684562361,-1.383082781062588,-1.1773865031817465,-0.5217268509198336,0.5838961757231462,2.1394825767471994
1,3.6049961657575214,3.928084253800023,4.075840794167019,4.115244824643435,4.208730691448581,4.518732740801767,5.2076853189223,6.438022772029488
2,9.320603453752739,6.789527981416626,4.581657188392348,3.126103036640946,2.261389717797464,1.8260414234969444,1.6585823453744308,1.5975366750649656
3,5.492025452484057,4.026255107720123,2.890331550279201,2.2808023107067488,2.035410116181296,1.9918976938813695,1.9880077709854995,1.861483074672212
4,1.6911811748960157,1.7209163596560453,1.657516633036564,1.333260170730743,0.5863933212611054,-0.7448375668498226,-2.822186145079507,-5.807406064905443
5,3.257760638190665,3.247165407025202,3.3399414711817625,3.700956323105925,4.492377696498654,5.876373325060903,8.015110942493639,11.070758282497827
6,1.3434539566318469,2.840548289174989,3.773609751412356,3.049959508347523,1.2901650279093575,0.0033409898297733776,0.2930054853885422,1.9107562452842877
7,3.3765383667320785,2.0979885307102344,-0.059369530852639185,0.3848256123917848,2.714839186432979,3.1763038502030665,1.0256583292025139,-0.2717470471908858
8,1.231823778835781,2.081795210004229,2.654557383724929,2.892590330480063,2.958030833670742,3.013015676698083,3.2196816429631996,3.7401655158672
9,-0.5819861094940149,-0.9575739310847777,-1.0196531445807349,-0.6577765336261914,0.12805590177885584,1.3378441616344006,2.9715882459404472,5.029288154696998
10,1.809401612989271,2.889901642938212,2.458299956811793,0.8109134503262035,0.19520571299608402,1.4511622102747979,2.8653316746331337,2.5084192089500044
11,2.599708405928337,2.3065684693226087,2.1838037866755,2.158048309901987,2.0675005558285062,1.7503590412814927,1.0448222830873792,-0.2109112019273942
12,2.797060752169657,2.5088581591468286,2.394410582586841,2.378297082950758,2.2973556904865617,1.988424435442242,1.2883413480657784,0.03394445860515782
13,1.6578801301745436,0.5949375427011059,-0.30611385359186194,-0.7986419313301112,-0.8826466905136434,-0.5581281311424591,0.1749137467834445,1.316478943264063
14,-0.9454715651731402,-1.0647774734952793,-0.7918397420363084,-0.06496947809129594,1.1158333183397566,2.7505686472568502,4.839236508659987,7.381836902549161
15,-0.30376943879663987,-0.42776858894129965,-0.1438923035290829,0.611993362522198,1.8398884092125414,3.5397928365419524,5.711706644510423,8.35562983311796
16,0.8259922169932006,1.7645269702336943,2.4193733742468826,2.713076028158205,2.807746815673103,2.865497620497021,3.048440326335398,3.5186868168936822
17,3.1235796002159097,3.2187654463813615,3.266515473178012,3.394061155035523,3.762673642970251,4.5336240879985565,5.8681836411368025,7.9276234534013295
18,6.269055484370597,4.473573467381196,-0.3094940650489417,0.48479288600653936,5.388791089408476,5.341140844890639,0.4298878628046845,-0.2702031436783603
19,3.056622522620157,2.513972439231966,1.221434538930946,0.25903763075097164,0.42450883052833244,1.5806896937268784,2.769226325456491,3.0049452580587106
20,-0.1382468865175861,-0.7557690339802732,-1.1189599242226471,-1.0699664289600936,-0.6087885481926132,0.2645737180797956,1.55012036985713,3.2478514071393936
21,-0.011326792265872854,0.406540970212675,3.0319184374507966,4.127642796907162,2.042694183208287,-0.08136032083714317,0.9559704950374057,3.5916532190141286
22,1.4802014498910783,0.2332397508028985,-0.8502474223969911,-1.4833343784631423,-1.6660211173955548,-1.3983076391942304,-0.6801939438591664,0.48831996860963534
23,3.457062304260698,2.590562378016708,2.0013730518475317,1.7505729274812314,1.6759650826026689,1.6153525948967082,1.406538542048212,0.8873260017420421
24,2.7776802700457996,1.2383466957490712,-0.1959071231766638,-1.1796738836693015,-1.712953585728843,-1.7957462293552862,-1.428051814548632,-0.6098703413088806
25,1.2128121461071868,0.3738569043698605,-0.21665923311677804,-0.35310611322361374,-0.035483735950645245,0.7362078987021257,1.961968790734699,3.6417989401470754
26,-1.213070630212174,0.629224645563236,2.137715290840805,3.032366313724769,3.474400766980356,3.6250417033727915,3.6455121756673052,3.697035236629122
27,3.5505105603343603,3.572051387234902,3.6759019227110654,4.018191053684428,4.761285136188234,6.067550526255699,8.09935357992008,11.019060653214595
28,4.539058465964416,4.589867303063813,4.687717012195269,4.978163459092089,5.622534277344187,6.782157100541452,8.618359562273803,11.292469296131127
29,2.2948554252125515,2.1020722851927016,2.0250809975272546,1.9634787429071072,1.7552749159074472,1.2384789111034673,0.251100123070362,-1.368852053616683
30,0.1744829223313773,1.5229679044211468,2.5577645169548853,3.108674953716562,3.3372060395591863,3.404864599335766,3.473157457899309,3.7035914401028247
31,0.8163911032145356,-0.32256940603969175,-1.2740616887386524,-1.7725427040854917,-1.8180124520802097,-1.4104709327228049,-0.5499181460132796,0.7636459080483675
32,-1.324031539090987,-1.3637758608878559,-1.0251735786296658,-0.26515805810118676,0.9162707006975814,2.519112697766638,4.54336793310599,6.989036406715626
33,6.517760103504895,3.0587923802827777,-0.6839609159962716,0.4000501715912326,4.942617923769125,7.210243546076892,4.34079498433528,-0.043992045653953316
34,1.9770652574568075,2.3586205193284684,1.3336684755056842,0.3401714633164683,0.9674589751956553,2.212038770468261,2.082916059973778,0.7866526445170212
35,4.863625731470773,3.6790654612800324,2.8098065193533324,2.38925205461718,2.2546501735232085,2.2432489825230544,2.192296588068351,1.9390410966107323
36,3.438303966993982,3.5678255704843407,3.600053104781164,3.651453475403022,3.8846313551250122,4.462191416722236,5.5467383329697935,7.300876776642781
37,-1.1710620765370832,-1.2498532873530446,-0.9431403813649542,-0.19868672013986877,0.9835076963222111,2.6034428680212818,4.6611187949573525,7.156535477130411
38,4.859320044285861,1.3636564584090416,-1.2324373129734165,2.028701731909902,5.356296770601098,2.8415656385333943,-1.050105014454115,0.5916912395147491
39,1.880558643166544,2.4207245398389725,2.7324470096108855,2.829892299674767,2.8748361606432926,3.029054343129137,3.4543225977449756,4.312416675103485
40,2.459430080123944,2.05133147961765,1.8449304622047578,1.7948077646570455,1.7391803380079816,1.516265133291032,0.964279101539669,-0.07856080621264239
41,6.701989867245967,4.994157651952841,3.6140105345331897,2.811565905746061,2.4254695405000404,2.2943672137037145,2.25690470026567,2.151727775094493
42,8.420949734393972,6.271750795042292,4.099226130741393,2.370171353263529,1.0845864626087014,0.242471458776909,-0.15617365823184715,-0.1113488884175684
43,1.141933276441361,0.2574334165893517,1.2446426415002114,2.765200587590575,2.2979322728001113,0.617596191659222,0.510288921492257,2.153932261092712
44,5.6228430967392145,4.155720372572844,3.0092914004912372,2.380153359711391,2.1066701660806424,2.02720573544633,1.9801239836557916,1.8037888265563644
45,2.5051808061091703,2.033582681705909,1.5603998064235503,1.8456593341180823,2.4584919671757257,2.473246708785232,1.8676373089301996,1.5564044560382708
46,1.5469183619996023,1.6387351352938757,2.9414364337699426,3.4950636872027667,2.4082423138330484,1.4308228514144323,2.136511903287951,3.3891058603185984
47,2.2958426633349216,2.3540483804556063,2.4112146376322894,2.607839021590342,3.106230192384481,4.0686968100694,5.65754753469982,8.03509102633043
48,-0.7252841310556253,-0.7746881116200663,-0.4391682132961563,0.32704769412001866,1.523959610628454,3.1515675362291553,5.209871470922117,7.698871414707339
49,4.16157068824121,3.062740280998751,2.2788344024094567,1.9254698615606984,1.8409034129480317,1.8633918110670105,1.8311918104131895,1.5825601654821218
50,-1.370205654114618,-1.3138805011947259,-0.844571311474501,0.0629767941181103,1.4087638155831086,3.192789752920493,5.415054606130267,8.07555837521242
51,1.2241579813679224,1.749426315242328,2.892871901197644,3.1426361218382803,2.166313660348596,1.2632690786073306,1.635343134759951,2.7873512335227155
52,0.36041045659077064,1.2498854590863597,1.841512332553798,2.0680546879188295,2.0924739230082645,2.077731435648911,2.18678862366758,2.582606884891083
53,2.702641391022219,2.9000036639168116,2.9778173153788945,3.034175659079489,3.2300434088244465,3.7263852784196176,4.684165981670852,6.2643502323839995
54,3.281405056016506,5.427182863892487,3.666801807944739,0.2963311202330057,0.9476867184036442,4.532480569663583,5.060671690716675,1.6496747521417714
55,2.436674003186235,1.332762240991398,0.4156584440085713,-0.05680137008227959,-0.08461720128115502,0.3322109504119446,1.1936830849970193,2.49979920247407
56,3.0316449244128307,3.2808550024525247,3.357730608561411,3.3458918836069853,3.4080376712140303,3.7068668150073245,4.405078158611644,5.665370545651772
57,4.560426971246245,2.6251219408034787,-1.1175348613925737,-0.7924646953035106,3.086288034622803,4.38512097095184,1.05014583699195,-1.6449288408485572
58,2.1752478595273805,2.1293222791397293,2.0867316004246126,1.9047926824116668,1.4214987057694268,0.4748428511664242,-1.0971817007288016,-3.4565817692477228
59,2.230788594088718,2.0375022371301013,1.9806882390947627,1.9614990911310464,1.8174840989402403,1.386192568223637,0.5051738046825247,-0.9880228859818136
60,5.691025770918034,3.7457738220552086,1.847948451358555,0.42627977295870445,-0.5192322131443428,-0.9885875069505863,-0.9817861084600268,-0.4988280176726634
61,3.7487451437356274,3.3316860781253723,3.1298956519634515,3.101443004319325,3.0848623725797353,2.9186879941314197,2.4414541063611184,1.4916949466555662
62,2.5412702377801923,2.200009760408868,2.049532569342497,2.0285187202907453,1.9748404017807972,1.7263698023398393,1.1209791104950593,-0.0034594852263603038
63,4.75636737538245,3.789695459703701,1.8159302919609575,0.8362494254171058,1.8277037531696718,3.801500527011308,4.78914167115698,3.8056373844363725
64,3.425105162496404,3.6370430221494567,3.6952265002025353,3.692609448093146,3.79137452352416,4.153704384198456,4.941781687818901,6.317789092088378
65,2.7617460739761546,2.904922277288426,2.9632076474162323,3.0506036477551826,3.329065020191604,3.960546506611813,5.1070028489021295,6.930388788948877
66,2.174131373281531,3.0405549178256672,3.6227984417202306,3.8597123487939164,3.9140619730257646,3.948612648394814,4.126129708880105,4.609378488460679
67,4.922130971424705,2.7488905545959605,0.21481832504253084,1.8025142779686898,4.775572087916604,4.00990349220639,0.8251442716337234,0.7102517169025595
68,4.356921946928084,2.718942259307855,1.1577878957433834,0.03782036299324165,-0.6409603389425707,-0.8785542100640522,-0.6749612503712052,-0.03018145986402576
69,2.988868389953666,2.8858170859906647,2.8497079385824753,2.7563391534442108,2.44395281390424,1.7507910032909213,0.5150958049326277,-1.424890697842284
70,3.870378584070406,3.9401966465099187,4.147069317767346,4.640906702540847,5.583373817241646,7.136135678280981,9.460857302070073,12.719203705020146
71,-1.4357208155772776,-1.9437439436084154,-2.1356156898519045,-1.8717536098475271,-1.152157703595286,0.023172028904822284,1.6542355876527992,3.741032972648636
72,0.6861629159121266,-0.16372017166810848,-0.7988665348240032,-1.0143256158631115,-0.8100974147854343,-0.18618193159097007,0.8574208337202789,2.3207108811483144
73,3.209411965032455,2.6096875827094363,2.2642115628391535,2.174587678824151,2.1794949857082804,2.1176125385353877,1.8276193923493307,1.1481946021939535
74,0.7753535616627747,1.5489037177533662,2.0367210168317884,2.1965451365792403,2.1898360467829403,2.178053717230108,2.322658117707965,2.785109218003724
75,-0.19421532413724174,-0.9858454184808676,-1.5438286859378327,-1.674205212570739,-1.376974998379588,-0.6521380433643782,0.5003056524748906,2.0803560891382165
76,3.4775687302128158,2.2568619619009174,1.1972181140628164,0.5796152925550904,0.4040534973777401,0.6705327285307647,1.3790529860141638,2.5296142698279405
77,4.974184808227942,3.1297637633295654,1.3030514908470667,-0.10192298374937492,-1.0851596604597593,-1.6466585392840862,-1.7864196202223561,-1.5044429032745668
78,1.365722942035924,1.3286436277434865,1.2794601273889252,1.0726684822915196,0.546804869739502,-0.459594532978878,-2.107993548575381,-4.559855999761771
79,3.2863449914810237,3.4250438952602944,3.4553863369129356,3.4908184711920693,3.693931461748294,4.227316472232211,5.253564666294418,6.935267207585511
80,4.2530028955952766,2.674791418882529,1.1930822258240852,0.16098530076220996,-0.4214993563030993,-0.5543717453718413,-0.2376318664440138,0.528720280480381
81,1.6092927113061963,2.382917724790531,2.8783731961530488,3.0546597423634285,3.073861719040454,3.0980634818029094,3.289349386269574,3.8098037880592366
82,3.443947203115759,3.4944107899628785,3.6894527504250667,4.183727567885678,5.138728311524555,6.7159480505215265,9.076879854056422,12.383016791309103
83,0.9683176657075356,2.0095812491678586,2.746100120050313,3.0762244165711934,3.16220718150437,3.166301457623713,3.2507602877030934,3.5778367145163816
84,1.6868942092887744,2.75893020482286,3.519747426293615,3.8604467529850077,3.943337634300451,3.930729519643359,3.984931858417141,4.268254100025213
85,1.6098162030377072,1.5886129470446746,1.4098724549442667,0.9111603978823244,-0.0692467937780008,-1.6930726896735484,-4.122040859441179,-7.517874872717727
86,3.5583327374376807,3.584843802251699,3.6487676440929677,3.9012820792741914,4.504980988241307,5.622458251440259,7.41630774931698,10.049123362317422
87,1.9835328370757206,2.00192735731007,2.0554977322121952,2.296100691335299,2.8853892311587326,3.9850163481618512,5.756635038824004,8.361898299624546
88,9.044801276878712,6.730722811583699,4.385459570046856,2.5110664195832895,1.1075433601929987,0.17489039187598454,-0.28689248536775347,-0.27780527153821444
89,2.1574031544186814,2.6735304944566636,2.968455020825335,3.0629468660447037,3.119523880246591,3.300703913562819,3.7690048161252045,4.686944438065568
90,3.3083937242914625,2.1711460585230276,1.2080260756809076,0.6829903285624264,0.5960388171675834,0.9471715414963802,1.7363885015488143,2.9636896973248885
91,2.3862756336748445,1.7450594732288183,1.3424592794253638,1.1872835150824765,1.1177591861206273,0.9721132984602867,0.5885728580219274,-0.19463512927398208
92,1.7599933962061804,2.059849679088578,2.1608699127122946,2.1320864053229167,2.135003099914038,2.331123939479253,2.8819528670121555,3.9489938255063404
93,9.724800210070015,7.245351764586218,4.668006015574656,2.524833778092908,0.815835052140973,-0.458990162281149,-1.299641865173458,-1.7061200565359549
94,1.394892773929675,1.8172716486348885,2.034300329436995,2.0879761351470543,2.140109440107903,2.3525106186623823,2.886990045153328,3.9053580939235806
95,3.5224525385998624,1.3021838846182772,0.5251520645829486,2.944673342764064,4.073533492850015,1.8181624476290361,0.36134344235949034,2.4048749793140636
96,9.056358033286973,6.5893344276240455,4.444856446311252,3.038386229449545,2.2088556633332956,1.795196634256874,1.6363410285146518,1.5712207324009995
97,-0.3556001531704698,0.9075185985197198,1.8573779354632511,2.3435923461220582,2.5288841206240495,2.575975549097135,2.6475889216692234,2.906446528468223
98,7.7267507679723515,5.537252613369504,3.309819972316202,1.5187129434121167,0.16393152665724764,-0.7545242779484045,-1.2366544704048408,-1.2824590507120612
99,-3.0434883638087586,-1.086935419881892,0.5295715203218925,1.5014478691301287,1.9909191179091694,2.1602107580253667,2.171548280845074,2.1871571777346426
100,1.4702988277980995,0.27785232683860017,-0.7554631531491531,-1.3550110100492918,-1.5207912438618174,-1.2528038545867282,-0.551048842224025,0.5844737932262913
101,-0.6062690635686803,0.5232277058081485,1.3448198638890794,1.736638977232944,1.8602176320378918,1.877088414502072,1.948783910823635,2.2368367072007262
102,2.1500329066320316,2.918768230164364,3.4085360836582073,3.578781401062896,3.5910062003423784,3.6067124994606004,3.787402316381511,4.294577669069056
103,3.507790382136132,2.8190305791669337,2.379276593655053,2.208821242214828,2.1460679980395123,2.029420334322356,1.697281724256611,0.9880556410355279
104,2.5850630978265334,2.0965778538297224,1.8242769845597933,1.7411689314591587,1.6850172780564376,1.4935856078802463,1.0046375044592026,0.05593655132192277
105,3.9357926693842193,2.20227044571837,0.529789704461843,-0.6978772980937844,-1.480730561948512,-1.8187700871023393,-1.7119958735552663,-1.1604079213072946
106,0.40647225158425027,1.5417368890976768,2.376340227819787,2.788631591485044,2.941009385538621,2.9958720154256913,3.1156178865914272,3.4626454044810013
107,2.0823234067194285,2.2721273004400233,2.3399938580558466,2.387045234219803,2.5759369737441444,3.0693246214411185,4.029863722122977,5.620209820601973
108,1.755503903838682,2.7278204148541096,3.4046436626256265,3.7006989981667338,3.7787595311829394,3.801598371379751,3.931988628462678,4.332703412137226
109,3.5085901713675667,4.221494135723554,3.4160279162599894,1.4480094772760976,-0.15001921283246777,-0.13363585304490244,1.4844014513485155,3.444089223605469
110,2.030722066368611,0.7726767913807926,-0.35663016287871363,-1.0710127072554454,-1.3704708417494027,-1.2550045663605855,-0.7246138810889953,0.2207012140653708
111,0.3304282222452506,-0.06410301155026454,-0.08827835341958945,0.3776504560041323,1.3336834167209002,2.779820528730717,4.716061792033578,7.142407206629487
112,1.0257176089601039,0.18513251263466257,-0.4208361730287298,-0.5874592987716076,-0.31473686459397254,0.3973311295041764,1.5487446835228382,3.1395037974620132
113,4.7433291562413995,2.9897416732288464,1.3220727246795914,0.13073399183849022,-0.584274525294457,-0.8229528267192503,-0.5853009124358901,0.12868121755562312
114,2.6162434447100056,2.622809322960327,2.72184185670696,3.0729475569569216,3.8377378425383863,5.177824132279532,7.254817845008535,10.230330399553585
115,2.2793938602982005,3.139318055202046,3.7062891949573777,3.918100903408785,3.935742580201978,3.920203624982668,4.0324734373965665,4.433541417089388
116,5.8753440197651035,3.8624503283564184,1.8817928578351297,0.37547897913471506,-0.6564913077448258,-1.2141180028034932,-1.2974011060412864,-0.9063406174582072
117,0.5405835331743002,0.836379580195634,1.4940002146745455,1.8947847255738448,1.6655996317227078,1.0198180290754926,0.5586675871625062,0.7114829360780015
118,7.359155301187257,5.299401225948614,3.5723270756701107,2.505130666265102,1.9363978418579317,1.7047144465729436,1.648666324534481,1.6068393198668862
119,1.9790720141754035,4.3563074267258735,4.4923865975576955,1.6828347543466635,-0.18143137408637022,1.4813893929778397,4.368475288703191,4.4815335475139975
120,0.5524799576203641,0.38671597122093604,1.672349195930428,3.4916307751422124,4.296192404813145,3.401281520927543,1.5685458328806958,0.3578042722147543
121,0.09263014881390763,1.064979388893866,3.5126670137886737,3.9650812030050018,1.767622652020682,0.09980003557979789,1.374790373350288,3.74780672391735
122,0.41628026651271854,1.3886142103934886,2.0600273596042227,2.344715846564891,2.405418895333589,2.4048757299684134,2.50582557452746,2.871007653068824
123,7.945244242028681,5.727550518653809,3.842096837007692,2.6498239890707955,1.9886014251704984,1.6962985956341807,1.610784950789221,1.5699299409629988
124,8.393177836439932,6.340467975317845,4.249542636789695,2.564791656245208,1.2862150336843832,0.4138127691072202,-0.052415137486280905,-0.11246868609611971
125,0.3423513354064971,-0.22031417620484395,-0.4979305851245639,-0.34182095221095055,0.248014722535997,1.2715764391162765,2.7288641975298917,4.619877997776839
126,2.0549730443545915,2.4665661003809634,2.652192279500201,2.6542831071518918,2.634601502275639,2.754910383811047,3.176972670697719,4.0625512818752565
127,2.218028106494751,2.285539736527336,2.306099840642676,2.413601476481755,2.7699294317281655,3.5369684940655115,4.876603451177383,6.950719090747386
128,1.827479286565717,2.0170250476400247,2.090302970509886,2.148627652283502,2.3542530405197684,2.869433082777579,3.856421726615832,5.477472919593428
129,1.734734806301354,0.9908866508570366,1.8130004652866964,2.965604622794897,2.3740271740896377,1.103099553855204,1.4404743495863228,2.7788814759358575
130,2.273988059528784,2.2311654883516496,2.142087145990573,1.8589185285226288,1.2196887109730565,0.06242676836709693,-1.7748382242700145,-4.454077191913036
131,2.7625993257107915,2.8083792118990925,2.9437211526323215,3.319268788590655,4.096482092801902,5.4368210382938695,7.501745598094372,10.45271574523122
132,0.7373192581109904,2.0178205758322103,2.9761846735018964,3.456407384120936,3.6201320329335003,3.629001945183761,3.64466044611589,3.8287508609740595
133,7.787193634402029,5.523251974909589,3.2276781156155883,1.3915473095182371,0.014859556617534686,-0.9023851430865188,-1.3601867895939233,-1.3585453829046794
134,0.2714555055593153,1.6776708503705504,2.759101653374444,3.332043706162707,3.5581076578451594,3.59890415753162,3.6160438543319118,3.771137397355848
135,2.0729971287426197,2.5308573408960626,2.7664486269506408,2.8128398302183117,2.8322129443385213,2.986749962950707,3.438632879694321,4.3500436882087925
136,1.7402899636198088,3.8576792236447837,3.1203674366314385,0.34915045079159124,0.4959308726974523,3.2984259733013266,3.7488421137444394,1.0423282587959666
137,2.2128154716657797,1.9081901741760312,1.769795611967472,1.726968411200586,1.6185143787906524,1.2832393216529505,0.5599490467027564,-0.7125506391446499
138,9.613633858785064,7.155352745861062,4.63666668516062,2.5884365606147526,1.010662372223461,-0.09665588001325576,-0.7335181960953974,-0.899924576022963
139,0.1122543302877308,-0.3053591113345757,1.4018993937202233,3.434314964440503,3.306970406278798,1.1755625593729373,-0.35395924009247537,0.5884630184988724
140,1.1963635339512197,1.1129373244623089,1.0486229822880475,0.8702231984119577,0.41559309023057933,-0.4774122248595476,-1.970937629461885,-4.227128006179894
141,6.1380009165620155,4.125551508910464,2.128020056461364,0.5858426077207317,-0.500980837311432,-1.1324502786351287,-1.3085657162503566,-1.0293271501571164
142,3.2265864746797464,2.7145711461657136,2.4336441342338526,2.364422925587993,2.3458573088755847,2.2168970727440804,1.8164920058409268,0.983591896813576
143,-0.405797121511821,1.118554878927366,3.614995121661794,4.333911380463721,2.5145630995566934,0.08214254636093665,-0.389419114172622,1.598873759416402
144,2.0034067589890845,2.0250667797234603,2.053152268966846,2.2366766474261417,2.7378041491255676,3.718699008089346,5.341525458341691,7.768447733906829
145,1.7029745969177967,1.5610149226480783,1.534679741814682,1.512552727841557,1.332739060020877,0.8333439176448159,-0.14752751999445524,-1.7717700736047726
146,3.845195653844205,3.8765323125733646,4.056386259356024,4.545246534808577,5.505986200504194,7.101478318016039,9.494595948917297,12.848212154781116
147,1.9022203873277568,2.088471528310255,2.342538361645493,2.340654430032344,2.0851026679653724,1.8855588241274845,1.9838286631737843,2.2608295157715648
148,2.009426339499164,1.9604335073828363,1.8098729881899271,1.4057457159273998,0.5855699416825941,-0.8131360834571484,-2.952854108404486,-5.996065882072083
149,2.6202154699977585,1.8596227850602731,1.3421596880969013,1.2558763638189223,1.600772812226336,2.3768490333191434,3.5841050270973427,5.2225407935609365
150,3.1456112318895446,3.163225645163463,3.1884343628223664,3.370808356143316,3.8720550983207564,4.853882062549138,6.477996722022901,8.906106549936501
151,1.2461519674841108,1.2863279765791245,1.192119971889267,0.7891641145372246,-0.08494346850736001,-1.592606650274834,-3.8962293037955527,-7.158215302099869
152,6.389492995349816,3.9086046945889157,-0.35479920326469516,-0.15434898502277727,4.218464615587466,6.40478274536264,3.225304920627926,-0.6964352345086766
153,4.550228219015848,4.466992605098346,1.3057981724597187,-0.403552841923692,1.9811982204907235,4.7737814887917,3.657513462468905,0.35788459549418805
154,1.8756411078590798,1.8788530006909796,1.816237486930969,1.5280630211099784,0.8522804111751507,-0.3731595349263537,-2.3103060092473955,-5.121208203840827
155,2.651379518353892,3.0434662249320352,3.226126457286247,3.247455687808866,3.2691155517613337,3.4527676844050923,3.9600737210015846,4.9526952968122515
156,-2.942538435699355,-0.8100114402282084,0.9881768439710681,2.109814778840973,2.7173909134288996,2.973393796782238,3.040311977948382,3.0806340059747215
157,4.2138371796947425,3.0922180594379065,2.26922083294758,1.8639084787427687,1.714491315881605,1.6591796634222193,1.5361838404227448,1.183714165941312
158,3.7984712676866623,3.8288543879516106,3.9113947828877116,4.196584903171765,4.845768198458154,6.020288118401278,7.881488112655521,10.59071163087527
159,3.188159953701261,1.691569098825348,0.3159467616865963,-0.6011810059477813,-1.0598142040777851,-1.0599528327034138,-0.6015968918246681,0.31525361855845
160,-1.6724447654999421,-1.6295078775150489,-1.142638583582119,-0.18084744053894353,1.2558655516144772,3.1675003928781416,5.554057083252053,8.415535622736206
161,-2.104732565266315,-2.492389521800316,-2.565091522920011,-2.2096266003439533,-1.4259947540721465,-0.21419598410458662,1.4257697095587216,3.4939023269177856
162,-1.3426180762746822,-1.5897709629047376,-1.4591645095115056,-0.8625326917372187,0.20012449041812075,1.7288070369545119,3.7235149478719602,6.1842482231704565
163,0.6597362437379286,1.597167167012955,2.235993927334138,2.497700149131594,2.5444550754845374,2.538427949472185,2.641788014173747,3.0167045126684453
164,1.6133204485684807,2.116211897013179,2.3902146719608375,2.45767835440302,2.4804752637626573,2.620477719462677,3.039558040926009,3.89958854757558
165,0.35906158639822916,1.6201517187481782,2.560308882794623,3.0288641252921784,3.1885096088311884,3.2019374960019995,3.231839949394954,3.440909131600398
166,1.4066652650421685,2.2097502851214843,2.7308420172527454,2.922245589873691,2.9461298130440214,2.9646634968234338,3.1400154512716285,3.6343544864483053
167,1.7153337546541683,1.5676210454994273,1.539100583832937,1.5193817492592223,1.3459832993794765,0.8564239917948864,-0.11177741589335133,-1.7211021660840453
168,-1.2860416236972734,0.18941898855122807,1.330078264101487,1.936423755064201,2.1702889257582028,2.193507240502324,2.1679121636154,2.2553371594162606
169,2.55536908335141,1.282188918756044,0.14127366469227232,-0.5775678328798621,-0.87433557396036,-0.7490295585492217,-0.2016497866464455,0.7678037417479668
170,3.4862973487582654,3.480126491950463,3.5738159303044634,3.930207524267999,4.710684279411343,6.076629201304769,8.189425295518554,11.210455567622965
171,1.6944901280680091,0.16957595690916483,1.4876555016541606,3.7141587297778242,2.814821912746109,0.4191786864674889,0.8679622922895627,3.3480091111079093
172,1.0753086726996537,3.5694775865684454,4.122881528811037,1.3488956171601103,0.12066093037533054,2.5958527765357697,4.426230231751234,2.396316415197358
173,1.4650722312912847,2.5416509142908783,2.2733472739933056,0.831289970800978,0.5088643511752715,1.81884212657064,2.6778914989849296,1.719817631208528
174,-0.34029967558685215,0.7989919618224083,3.1132310400148784,3.457172775236852,1.362327063281651,-0.3178737106898546,0.7052064491198051,3.038009036727985
175,4.324291915618186,5.97880341347121,3.7029764788254376,-0.13728495348560799,-0.47779798295955134,3.1304745957228457,5.929275404673001,4.2278038438734304
176,8.285937473104312,6.222358638560248,4.501595169833041,3.4517086986140293,2.9103405128062985,2.715131900312936,2.7037241490370283,2.713758546881663
177,3.298243054484104,3.3345669019246906,3.522339769233104,4.020596952966097,4.991542178097192,6.597379169599913,9.000311652447785,12.362543351614343
178,2.4575653738184604,2.997855378422959,2.3124092129259823,1.0377735992056738,0.7354782994231153,1.7758590412880553,2.8843668675031093,2.7029917369310503
179,-1.3838796545196805,-1.500569535586037,-1.2399460617175007,-0.5422484084146011,0.5925234243226591,2.164369436494282,4.173289628100267,6.619283999140613
180,2.8794550351497463,1.4337124607852436,0.0014018727839091305,0.4887300313809584,2.30985714265791,3.27552179672358,2.224853701245923,0.42090973006403987
181,4.670566949901543,4.445994327241193,2.8101899778713664,0.9782011418575636,0.43317230687280084,1.6163487994930792,3.569852679374422,4.712163112908412
182,1.8699549922367413,4.031254563811437,4.799795139691235,2.945563210527271,0.3264065375396845,-0.43341073805983044,1.4274103357133434,4.044420003914316
183,9.14157862974643,6.795244223485049,4.396862159041747,2.453628337947923,0.9655427602035758,-0.06739457419129424,-0.6451836652366878,-0.7678245129326036
184,0.17118685757868435,1.7499294750528334,3.956693938814505,3.704697155961913,1.334304871702801,0.04714659548405198,1.5817547836576273,3.8653725793427625
185,7.6708612961251035,5.437625005073247,3.167189547614521,1.3434247357596143,-0.03366943049147331,-0.9640929511387415,-1.447845826182189,-1.4849280556218196
186,-0.9807170903726097,-1.285661772034957,-1.2434813863104375,-0.756085723801188,0.17652521549279276,1.554351431571504,3.377392924434948,5.6456496940831205
187,0.866672440820579,1.9720288425910002,3.676811359131904,4.1464675992239375,2.9013713320328507,1.2130500678534752,0.8056652150746131,2.095249703225747
188,7.757313416371415,5.6259896613825,3.4878721098275483,1.8073592358345034,0.5844510394033651,-0.1808524794658668,-0.48855132077319263,-0.3386454845186133
189,1.3596441853258947,-0.10827339529577418,1.3154534663067645,3.58449175513642,2.703410004768611,0.22365922739746158,0.5117035473061153,3.0603407082992815
190,1.5999565794215562,1.3565327675703227,1.275050518607531,1.2702490046182648,1.1800292912115131,0.84229244399627,0.09493952858152666,-1.224128389423735
191,-1.023772012488855,0.8803243076784637,2.455582467949185,3.4103058345441415,3.907168816132273,4.10884582138252,4.178011258963819,4.277339537545114
192,-0.5093354313023108,-0.44211928176504856,0.054701909751525335,1.0055178053464937,2.410328405019855,4.269133708771606,6.581933716601754,9.348728428510292
193,0.5743504868686709,-0.33658121129292695,-1.0039359948632796,-1.2068217738261078,-0.9452385481814098,-0.21918631792918974,0.9713349169305574,2.626325156397828
194,1.508727796293829,-0.5077465908538392,-0.41867881732286927,1.9971217713074325,2.2762267202733826,-0.09703772965127277,-0.7378328105950966,1.5377732189185078
195,1.3670560179971059,1.9187308188398002,2.2283876115878876,2.306478987708407,2.3148139774290666,2.4152016109775705,2.7694509185816285,3.539370930468945
196,2.944523935640801,-0.3113606724029405,-1.3025257054550807,2.022248311509096,4.762789678214137,2.879989817643347,-0.8512130196704488,-0.9316376989784114
197,7.64994934713632,5.400187528860588,3.105508327024708,1.2526854671106467,-0.15828105088159639,-1.1273912269520219,-1.6546450611006294,-1.7400425533274193
198,0.8908804860910415,-0.26280574681876123,-1.2141079146677498,-1.692914106179166,-1.69922432135301,-1.2330385601892822,-0.29435682268798313,1.1168208911508914
199,8.548107309486397,6.245674019110267,3.8852910194170898,1.9640392365510166,0.48191867051204706,-0.5610706786998181,-1.1649288110845801,-1.3296557266422373
200,4.401328743964215,4.611143405357108,2.046676219684252,-0.7084549003048288,-0.5235489310326369,2.391282418818038,4.7238681152350415,3.8236524825291944
201,0.25186226058089134,1.6165921506472818,2.6473200535350068,3.168721292538049,3.3425823972408613,3.330689897227896,3.294830322083607,3.3967902013924447
202,1.622897606075902,2.717844814640157,3.0328958891202573,2.049108546466135,0.5965778311117856,-0.09908733067739073,0.5490978476975459,1.9942109968218795
203,0.5774041537898986,-0.1911058809438524,-0.7112909031223862,-0.7929009949351391,-0.4359361563821116,0.3596036125366986,1.5937183118212896,3.2664079414716625
204,9.9236874451767,7.545335720444102,5.086458719821055,3.058649067259173,1.461906762758458,0.29623180631891044,-0.438375802059471,-0.7419160623766863
205,-0.0710684847069869,-0.9227140920393051,-1.541299852922842,-1.7198249215352024,-1.458289297876385,-0.7566929819463932,0.3849640262547749,1.966681726727121
206,2.0530926655912554,0.6926771955177272,-0.5133382591091376,-1.2540994125054183,-1.529606264671115,-1.3398588156062274,-0.684857065310756,0.43539898621529893
207,6.91625833619524,4.864645138851356,2.803077966393485,1.1782766095953856,-0.009758931542942495,-0.761028657021499,-1.0755325668402844,-0.9532706609992982
208,6.4052554912310775,4.568455059673095,3.0692596076611376,2.1846938070259694,1.751250795453998,1.605423710631631,1.5837056902452737,1.5225898719813367
209,0.20378338066086665,-0.5333106220537078,-1.0073936039314848,-1.0337349624859415,-0.612334697717074,0.25680719037511324,1.5736907017906248,3.338315836529455
210,0.03011754467152361,1.948256017773374,4.352595086378293,4.572413476626693,2.3838393776877966,0.01580389088174794,-0.11999125153991352,2.1147531364081478
211,2.5691037532221532,2.2794550018058204,2.166327576960417,2.1557243114494904,2.0853903975068366,1.793071027366252,1.1165113932615385,-0.10654331257351624
212,-5.050156925968885,-2.171129415944198,0.39177745899092153,2.134564649032273,3.2191163681020343,3.8073168301223816,4.0610502490154925,4.142200838703546
213,1.8621156690154557,1.8817857512070488,2.1943367900960613,2.2996016616351307,2.0175133491198864,1.8306146053141275,2.0586160680673156,2.3114964263577447
214,6.793825987317479,4.8925128667887,3.3230646275486153,2.3765540173330346,1.8899976638513198,1.7004121948128321,1.6448142379269344,1.5602204209029866
215,4.958477928732625,3.494854296213668,2.3479943408738877,1.7122666781725107,1.424862210499285,1.3229718402439583,1.243786469796278,1.0244970015459924
216,3.456835820742834,2.8170685963232267,2.4347716204638097,2.3192122196736227,2.3076231323472056,2.237237096879099,1.9452868516638429,1.2690051350959795
217,-3.7763675357405315,-1.3617396383840306,0.7234176810082469,2.075052743911928,2.8548776531148805,3.2246045114049724,3.3459454215700717,3.3806124863980456
218,-2.16449134052245,-0.3349857553541038,1.1582915760189045,2.0389608397313053,2.469393943281845,2.611962794169268,2.6290392998923204,2.682995367949748
219,4.950127506165426,2.8653564490326575,-0.8657115492876,0.24908848434932063,4.252380654149155,4.115148669697797,0.07834567989386043,-0.7701734265841176
220,9.202630244259172,6.944236457395089,4.6652629012044535,2.8565791501551963,1.5181852042473172,0.6500810634808167,0.2522667278556949,0.3247421973719513
221,0.12180985412441636,-0.2822652815947908,-0.36305200882437694,-0.0029986244538218187,0.7978948715168732,2.0396284790877077,3.722202198258686,5.845616029029801
222,1.5660711196516552,1.5538940057359185,1.4514745257713628,1.1013153135940736,0.3425277743765829,-0.9857766867085762,-3.0444866644888755,-5.994490753791771
223,2.3379997883143213,0.67327076077565,-0.8883786279100085,-1.9743638954748526,-2.584685041918882,-2.7193420672420965,-2.378334971444496,-1.5616637545260807
224,-0.29948722666977723,-0.4002859903725833,1.7766757494783585,4.326318499464252,4.716827178687101,2.5604236314490403,-0.0015666481470963944,-0.42506738626590135
225,1.100330952693954,0.15333926695661315,-0.5589743797532654,-0.8086592524541292,-0.595715351145977,0.07985732417118774,1.2180587734973707,2.8188889968325666
226,2.059376165270573,2.7282896687809943,3.1237556494825753,3.2277489061871085,3.2020348342258442,3.2083788289300355,3.4085462856309316,3.964302599659789
227,-1.795202446094199,0.08239442925594354,1.6298297211071802,2.5603178163560085,3.035738619406776,3.2179720346638288,3.268897966531516,3.350396319414183
228,1.5267083507516395,1.4615404956568265,1.0469638325959472,0.598522560494708,0.4853085626215605,0.8005031991389047,1.2846839118972806,1.5393432881492157
229,3.813091119910833,2.303575426776901,0.8882423118860252,-0.09499729369229559,-0.6461433899580604,-0.7651959769112704,-0.45215505455192506,0.2929793771199769
230,2.554094090721362,2.582663623739024,2.8002495560607,3.3695836356259203,4.451375994685588,6.206336765490599,8.795176080291853,12.378604071340252
231,5.855416145427901,3.976053497625518,2.126883113929607,0.7206925051430937,-0.24251832873402224,-0.7627493877017404,-0.8400006717600612,-0.4742721809089847
232,4.931750323640068,4.096121591700298,1.7982858949456622,2.047392221898305,4.394777539697264,4.612588510128458,2.308527868889055,1.6324172918876374
233,3.247502995256913,2.0093711984810043,0.5705325392480287,1.0293567169677043,2.75266184668733,3.3622698737813907,2.016915715847141,0.5732013633974102
234,4.767077331368519,2.9960834445358984,1.2553360047731985,-0.0660166446951973,-0.9679745038692891,-1.4505375727490766,-1.5137058513345611,-1.157479339625741
235,2.8744411327380046,2.4058077692377298,1.2315034779381684,0.5463765285860902,1.0526461277119874,2.231412476490394,2.8745018621417744,2.3227813771847328
236,-0.0426621786837611,1.7786794722340633,3.756171007935015,3.5659773947399307,1.4087533679606548,-0.4396243548299825,-0.029112675484194828,2.2071975625265248
237,5.275696277317134,5.613499050518778,3.655705225429296,0.980889501329731,0.14521719614885686,1.9472915723136701,4.664975295585453,5.70113660247967
238,2.7868407700772946,2.8841074114259344,2.8817544010040503,2.9020998017824304,3.10671606887523,3.6571756573966017,4.715051022460693,6.441914619181675
239,0.8345319800084682,1.4513742343899596,2.3067366115791685,2.344877379726823,1.5211086557579034,0.8006045094517261,1.0275483856867385,1.9360399919853337
240,1.514303361537041,1.4281625856410807,1.3822725263165698,1.2457858391470826,0.8563839754083238,0.05174838637599022,-1.3304394766742162,-3.4524981624665916
241,2.299676622476331,2.720229329653444,2.944088887106845,3.015073681431719,3.095667104023386,3.348352546277167,3.9356133995883806,5.019933055352347
242,7.44011733072935,5.515428474441247,3.91877763533033,2.9466740947891736,2.4368590015605305,2.227073504387154,2.155058752011798,2.058555893177214
243,1.7536259889475951,1.5909406302978844,1.5857869270903877,1.6346215729932625,1.5750640763202437,1.2447339453850643,0.48125068850145114,-0.8777661860168533
244,2.0563049654002548,2.7093100446442056,3.105230242684427,3.231090892109406,3.2487548973978897,3.320085163028626,3.606944593480363,4.271196093231857
245,4.299914755597557,3.2680295121410015,2.542298126213634,2.2220291171144515,2.1445212809309053,2.147073413750445,2.0669843116605207,1.7415527707485834
246,3.3634487139057985,3.4258905400357977,3.631157085427393,4.1318687896606106,5.090300994868883,6.6687290431856425,9.029428276744323,12.334674037678365
247,2.3688825277789256,2.895052494150033,3.177173948397365,3.231545620354545,3.2204699927623066,3.3062495483613845,3.6511867698925133,4.417584140096426
248,3.3455049642095886,3.6658042288560257,3.805841226087338,3.8319250094981303,3.9056108820719815,4.188454146792477,4.84201010664319,6.027834064607713
249,0.3419754608309631,0.85881528162292,2.304619590112714,3.4315911359850193,3.2541502141144107,1.927475694894688,0.6117951690215113,0.45772155966825445
250,-0.9499158619552219,-1.291438761832562,-1.3127629624067267,-0.9102654037678255,-0.08394608591585873,1.1661949911491776,2.8401578274272783,4.9379424229184465
251,3.369616449183109,3.655134438162087,3.801503350849204,3.886492266833721,4.0717981821360585,4.519118092776635,5.3901489947758785,6.846587884154205
252,4.503511682525585,2.7161694821086826,0.9925473197329555,-0.27159650287053005,-1.076261985701774,-1.421449128760777,-1.3071579320475373,-0.7333883955620568
253,3.3218318427647318,2.8684475905722726,1.9897195268853705,1.5159339820430724,1.8818042032274844,2.7516326715300226,3.3273242106339525,3.0806635951836028
254,1.6532628273771932,1.4797000523671966,1.8777670643858209,2.2752281319509127,2.017440014495974,1.5289958668275458,1.6143937536851,2.132978013540719
255,1.2632835922000716,1.332730750939628,1.38568975515975,1.3586492371621626,1.2779472386956972,1.2221892289682128,1.2456846996900854,1.3255485608332191
256,-2.3172140558219416,-0.5935162134504723,0.7920188413880458,1.5856135181871507,1.9493144161220355,2.045168134367893,2.0352212720999177,2.0815204284933
257,0.4905254928853445,-0.5836979789065746,-1.4305833103377925,-1.795087367530008,-1.6772101504832226,-1.0769516591974344,0.0056881063273570565,1.570709146091149
258,-1.2826799548224244,-1.4599054112306489,-1.2684505917738258,-0.6361317354297034,0.4370511578017233,1.951098087920449,3.906009054926476,6.301784058819808
259,2.567916737197412,1.0587041942997368,-0.3420270351518404,-1.2951322769390907,-1.8006115310620132,-1.85846479752061,-1.4686920763148794,-0.6312933674448231
260,2.2172188590222133,2.5793844214157677,2.7345168287589217,2.737203442177104,2.748837024179103,2.9308103372737113,3.4445161439697194,4.451347206775915
261,1.5710844235639363,1.4582982511508662,1.1035394138763328,0.3567352740146341,-0.9437785371530936,-2.959666388345708,-5.85259264828207,-9.78422168568105
262,4.800294959041373,3.746018682180648,2.998948150031485,2.6639581611026277,2.5789672797766423,2.581894070436094,2.51065709746355,2.2031749252415747
263,1.054385926390574,2.7019803410386043,3.8147566646964455,2.9978479790079557,1.0575771174684485,-0.09092791818418466,0.6859550881617378,2.621410312479009
264,-3.272940696519936,-0.9072955003253074,1.127193008282857,2.437484436481347,3.1857964049822973,3.534346534497839,3.645352445740108,3.681031759421234
265,-1.4731196528060622,-1.4609594569090203,-1.0491566233005352,-0.2040331367480115,1.0744110027485516,2.786175795189149,4.931261240573788,7.509667338902462
266,-1.0455591907328388,-1.4769344643844096,-1.566909971606163,-1.190331128471405,-0.34719793498013773,0.9624896088676365,2.7387315030719246,4.981527747632715
267,0.29825480358887635,1.6703465792978696,3.976778700801309,4.61968222432356,2.8990333425662174,0.6883560558839481,0.39474050192766574,2.3378892028369798
268,0.04733532762285808,-0.10878749108539076,0.09847029184692002,0.7362064370143673,1.8044209444169523,3.303113814054674,5.232285045927535,7.591934640035534
269,2.6794273042189247,3.550067045113343,2.355129046348086,0.3724578633355258,0.274621912717371,2.1935004863673786,3.5425152775815185,2.503243566812664
270,-2.46593565076535,-0.4707212686213089,1.1930291342320887,2.212797165340465,2.7505131521363726,2.968107422052366,3.027510302520998,3.0906521209748195
271,-2.6629366284127887,-0.6182143771367679,1.08759196909591,2.131427902828176,2.676222274698557,2.8849039353455774,2.920401735407766,2.9456445255236456
272,2.414923964497418,2.2455576126600487,2.1978400815910493,2.1674449343607485,1.9930730282671192,1.5134252206081342,0.567202368681758,-1.0068946702140327
273,6.059777893110052,4.343835551554644,2.951112501760421,2.1322961386093153,1.725297947554421,1.5680294140488296,1.4984020235456326,1.3543272614979247
274,3.180441619047521,2.5781118417987257,2.224105697624267,2.1198621165912748,2.1038540205222445,2.0145543312396637,1.6904359705660252,0.9699718603238243
275,6.115055277943696,4.231505100069062,2.3931501041493224,1.015055345534843,0.09722082422562428,-0.36035345977833444,-0.35766750647703205,0.10527868412952923
276,2.817616023549535,1.9584669119307103,0.6175967445741029,0.5624208040172773,1.8636820943891874,2.852987980990287,2.261914768377795,0.8482981055388844
277,2.0511800640289293,3.818607679205521,3.4723221665229467,0.9582355384274888,-0.7737468140904671,0.3085978739671893,2.935299668179466,4.024316089707515
278,4.764909777678481,3.593759563571771,2.726809566600531,2.2939192665632415,2.132751143899746,2.0809676790498903,1.9762313524535169,1.656204644550471
279,1.9323163320546524,2.5474331266081887,2.9100846786666885,3.0162588274317423,3.028110717563986,3.1077954937240513,3.4174683005725726,4.119284282770184
280,3.497520265557536,2.2546578212088217,1.17097201523534,0.5321034389836501,0.33805209245375245,0.5888179756456466,1.284401088559333,2.424801431194812
281,3.0897113987738924,3.1208875600685904,3.24753334619815,3.624894449432471,4.4153612654418435,5.781324189896557,7.885173618466884,10.889299946823126
282,1.3303676233513855,1.8658079505504,1.4071404743414537,0.3272085417782842,-0.07799893213310294,0.6777935100061088,1.6875855309311985,1.7395606946985254
283,3.119687307730246,3.165278606716732,3.249757980127988,3.5202051763287425,4.139140777954215,5.269085367639624,7.072559528020191,9.712083841731133
284,2.2999603841961376,2.2578373896482855,2.0331008103450783,1.4646461675883153,0.3897389393399546,-1.3543553964380428,-3.930371361783727,-7.501043478735138
285,3.1338782995080177,3.0516770323279867,3.086012179511369,3.112982610457931,2.971191672442722,2.499242712740802,1.5357390786272123,-0.08071588262298457
286,-5.112061630694932,-2.4237558111479736,-0.06359130303351268,1.5051696855603311,2.4446417953221404,2.916939666940498,3.0841779411039894,3.108471258501197
287,1.7464676375531827,1.6154780640069535,1.5634303860153889,1.4730340741972645,1.1822397782067846,0.5289981476981565,-0.6487401676744136,-2.513024518256719
288,2.9841734731936675,3.0117419401732883,3.0972130376551483,3.3923349317502867,4.058577394193806,5.257410196720814,7.15030311106641,9.898725908965709
289,3.667210790704013,2.246337018237268,0.9443580302240218,0.08209126651642595,-0.34046327288551925,-0.32330558798181297,0.13356432122754303,1.0301464547425505
290,2.426997465444682,2.3240983100302293,1.4419520915678032,0.7881641942294173,1.1641002586314269,2.1089652068796614,2.464612325595936,1.7951152504598096
291,2.4923076486493523,2.1710637673785333,2.0612007998702766,2.099087892896291,2.122791885719536,1.9703796176029664,1.4799179278095405,0.4894736556022168
292,2.311641023572082,2.330336286362847,2.362855544569103,2.252493914831577,1.8363168331392867,0.9513897354812473,-0.5652219421535216,-2.8764527637760033
293,2.58617104527009,2.702597775406128,3.0550453542148075,3.792419967123318,5.0765648450426415,7.069323218883748,9.932538319557622,13.828053377975241
294,4.53141041780305,3.593632989554105,0.2427018997224668,-1.6176077664905009,0.26260024661716574,3.609364218874796,4.375039896931156,1.633603580308495
295,2.5224456121582843,2.594787872530247,2.8783690233009587,3.5293282537725004,4.709368478932582,6.580192613768926,9.303503573269243,13.041004272421262
296,1.8368627305460565,1.7361373235349162,1.7338872572006412,1.7076147545251499,1.4948681921680906,0.9331959467891129,-0.13985360495212573,-1.8867320863959907
297,-0.6970028855496597,-0.7403388329996727,-0.4154676779396693,0.32053906839308155,1.467681405998582,3.0259593348768297,4.995372855027823,7.375921966451567
298,1.7596353084391323,1.663806813467605,1.6838469921464854,1.698442212625333,1.5458516930064752,1.0643346513922467,0.0921503058849713,-1.53244212541302
299,3.1917927426697013,0.25619303878094435,-1.071130158143277,1.5295886056509245,4.512015645901962,3.809320815137652,0.37969704939864224,-1.1002291532464101
